County,long,lat,group,order,State,sregion
Apache,-109.2917023,33.77586365,68,3165,Arizona,Gallup
Apache,-109.8474655,35.13950348,68,3194,Arizona,Gallup
Apache,-109.8474655,34.13682556,68,3191,Arizona,Gallup
Apache,-109.8474655,34.31444168,68,3192,Arizona,Gallup
Apache,-109.8474655,35.51765442,68,3195,Arizona,Gallup
Apache,-109.0567856,33.77586365,68,3163,Arizona,Gallup
Apache,-109.8474655,34.64675903,68,3193,Arizona,Gallup
Apache,-109.8589249,34.13109589,68,3190,Arizona,Gallup
Apache,-109.0453262,35.99893951,68,3207,Arizona,Gallup
Apache,-109.4463959,33.71283722,68,3171,Arizona,Gallup
Apache,-109.5208817,33.64408112,68,3175,Arizona,Gallup
Apache,-109.3604507,33.73002625,68,3169,Arizona,Gallup
Apache,-109.1484604,36.99588394,68,3205,Arizona,Gallup
Apache,-109.3260803,33.78159332,68,3166,Arizona,Gallup
Apache,-109.5266113,33.63262177,68,3176,Arizona,Gallup
Apache,-109.4062881,33.71856689,68,3170,Arizona,Gallup
Apache,-110.0078964,36.29114914,68,3199,Arizona,Gallup
Apache,-109.8302841,35.64370346,68,3197,Arizona,Gallup
Apache,-109.1656494,33.77586365,68,3164,Arizona,Gallup
Apache,-110.0021667,35.64943314,68,3198,Arizona,Gallup
Apache,-109.0395966,36.99588394,68,3206,Arizona,Gallup
Apache,-109.0510635,34.57227325,68,3162,Arizona,Gallup
Apache,-109.0453262,35.99893951,68,3160,Arizona,Gallup
Apache,-109.7615204,33.4893837,68,3182,Arizona,Gallup
Apache,-109.7328796,33.50657272,68,3181,Arizona,Gallup
Apache,-109.8245544,35.52338409,68,3196,Arizona,Gallup
Apache,-109.5667191,33.62689209,68,3177,Arizona,Gallup
Apache,-109.0510635,34.95042801,68,3161,Arizona,Gallup
Apache,-109.7959061,33.4893837,68,3183,Arizona,Gallup
Apache,-109.8073578,33.50084305,68,3184,Arizona,Gallup
Apache,-109.8818436,33.70710754,68,3188,Arizona,Gallup
Apache,-109.4807739,33.65554047,68,3173,Arizona,Gallup
Apache,-109.5037003,33.64981079,68,3174,Arizona,Gallup
Apache,-109.9334106,36.99588394,68,3202,Arizona,Gallup
Apache,-109.4807739,33.67845917,68,3172,Arizona,Gallup
Apache,-109.8875732,33.55241013,68,3187,Arizona,Gallup
Apache,-109.3604507,33.75294495,68,3168,Arizona,Gallup
Apache,-109.8589249,33.71283722,68,3189,Arizona,Gallup
Apache,-109.3489914,33.77013397,68,3167,Arizona,Gallup
Apache,-109.8531952,33.54094696,68,3186,Arizona,Gallup
Apache,-109.6583939,33.59824371,68,3178,Arizona,Gallup
Apache,-109.4120255,36.99588394,68,3204,Arizona,Gallup
Apache,-109.6813049,33.55241013,68,3179,Arizona,Gallup
Apache,-109.715683,36.99588394,68,3203,Arizona,Gallup
Apache,-110.0078964,36.81253815,68,3200,Arizona,Gallup
Apache,-110.0078964,37.00161362,68,3201,Arizona,Gallup
Apache,-109.7271423,33.5352211,68,3180,Arizona,Gallup
Apache,-109.8360138,33.50084305,68,3185,Arizona,Gallup
Cochise,-110.4777222,31.65591812,69,3220,Arizona,Tucson
Cochise,-110.4662628,31.65591812,69,3221,Arizona,Tucson
Cochise,-110.3516693,31.35225105,69,3217,Arizona,Tucson
Cochise,-109.1885681,32.42368317,69,3211,Arizona,Tucson
Cochise,-109.6240158,31.34652138,69,3215,Arizona,Tucson
Cochise,-110.4777222,31.35225105,69,3218,Arizona,Tucson
Cochise,-110.4662628,31.74186325,69,3209,Arizona,Tucson
Cochise,-110.4662628,32.42368317,69,3210,Arizona,Tucson
Cochise,-109.2344055,31.35225105,69,3214,Arizona,Tucson
Cochise,-110.4777222,31.46111107,69,3219,Arizona,Tucson
Cochise,-109.0567856,31.35225105,69,3213,Arizona,Tucson
Cochise,-109.9964371,31.35225105,69,3216,Arizona,Tucson
Cochise,-109.0567856,32.42368317,69,3212,Arizona,Tucson
Cochise,-110.4662628,31.74186325,69,3222,Arizona,Tucson
Coconino,-112.6320496,35.30565643,70,3321,Arizona,Phoenix
Coconino,-113.3425064,36.00466919,70,3335,Arizona,Phoenix
Coconino,-112.9872742,35.39733124,70,3325,Arizona,Phoenix
Coconino,-112.4888,35.24263382,70,3319,Arizona,Phoenix
Coconino,-113.3023987,35.87288666,70,3332,Arizona,Phoenix
Coconino,-110.8329544,34.2857933,70,3245,Arizona,Phoenix
Coconino,-113.2622986,35.52338409,70,3328,Arizona,Phoenix
Coconino,-112.7466354,36.29114914,70,3349,Arizona,Phoenix
Coconino,-110.8329544,34.31444168,70,3241,Arizona,Phoenix
Coconino,-110.7985764,34.30298233,70,3239,Arizona,Phoenix
Coconino,-112.7294464,35.30565643,70,3323,Arizona,Phoenix
Coconino,-113.325325,35.52338409,70,3329,Arizona,Phoenix
Coconino,-112.6950684,35.31138992,70,3322,Arizona,Phoenix
Coconino,-110.8215027,34.30871201,70,3240,Arizona,Phoenix
Coconino,-112.5575562,35.23690414,70,3320,Arizona,Phoenix
Coconino,-110.8329544,34.30298233,70,3243,Arizona,Phoenix
Coconino,-110.8272247,34.29152298,70,3244,Arizona,Phoenix
Coconino,-113.3310547,35.66662216,70,3330,Arizona,Phoenix
Coconino,-110.7756653,34.29725266,70,3236,Arizona,Phoenix
Coconino,-111.3371582,34.41757584,70,3275,Arizona,Phoenix
Coconino,-112.7638245,36.27968597,70,3348,Arizona,Phoenix
Coconino,-110.8444138,34.30871201,70,3242,Arizona,Phoenix
Coconino,-112.9529037,36.22239304,70,3347,Arizona,Phoenix
Coconino,-111.5147781,34.4233017,70,3305,Arizona,Phoenix
Coconino,-110.752739,36.40573883,70,3230,Arizona,Phoenix
Coconino,-110.8730621,34.2857933,70,3248,Arizona,Phoenix
Coconino,-110.752739,35.86715698,70,3231,Arizona,Phoenix
Coconino,-113.325325,35.82131958,70,3331,Arizona,Phoenix
Coconino,-111.5606155,34.80145645,70,3309,Arizona,Phoenix
Coconino,-113.1648941,35.50046539,70,3326,Arizona,Phoenix
Coconino,-113.2107315,35.50619507,70,3327,Arizona,Phoenix
Coconino,-110.752739,34.84729385,70,3233,Arizona,Phoenix
Coconino,-111.3142395,34.4233017,70,3274,Arizona,Phoenix
Coconino,-111.2855911,34.44049454,70,3272,Arizona,Phoenix
Coconino,-110.752739,34.2628746,70,3234,Arizona,Phoenix
Coconino,-110.9131699,34.29725266,70,3249,Arizona,Phoenix
Coconino,-112.683609,36.32552338,70,3353,Arizona,Phoenix
Coconino,-111.3658066,34.43476486,70,3277,Arizona,Phoenix
Coconino,-113.3195953,36.07915115,70,3337,Arizona,Phoenix
Coconino,-112.7122574,36.30833435,70,3350,Arizona,Phoenix
Coconino,-113.3138657,35.90153885,70,3333,Arizona,Phoenix
Coconino,-111.4746704,34.4233017,70,3300,Arizona,Phoenix
Coconino,-111.2111053,34.41184616,70,3269,Arizona,Phoenix
Coconino,-111.411644,34.4233017,70,3291,Arizona,Phoenix
Coconino,-111.4689407,34.41184616,70,3299,Arizona,Phoenix
Coconino,-111.2397537,34.43476486,70,3270,Arizona,Phoenix
Coconino,-111.0850525,34.38319778,70,3258,Arizona,Phoenix
Coconino,-111.2970505,34.43476486,70,3273,Arizona,Phoenix
Coconino,-111.0678711,34.35454941,70,3255,Arizona,Phoenix
Coconino,-111.0449524,34.34309006,70,3254,Arizona,Phoenix
Coconino,-110.981926,34.33736038,70,3251,Arizona,Phoenix
Coconino,-111.0334854,34.35454941,70,3253,Arizona,Phoenix
Coconino,-112.6549606,36.33698273,70,3354,Arizona,Phoenix
Coconino,-110.7584686,36.80680847,70,3229,Arizona,Phoenix
Coconino,-110.7928467,34.31444168,70,3238,Arizona,Phoenix
Coconino,-111.4746704,34.43476486,70,3302,Arizona,Phoenix
Coconino,-111.5606155,34.44049454,70,3308,Arizona,Phoenix
Coconino,-112.5403748,36.99588394,70,3366,Arizona,Phoenix
Coconino,-111.0621414,34.37746811,70,3256,Arizona,Phoenix
Coconino,-111.1251602,36.99588394,70,3226,Arizona,Phoenix
Coconino,-111.2569427,34.44049454,70,3271,Arizona,Phoenix
Coconino,-112.7237167,36.33698273,70,3351,Arizona,Phoenix
Coconino,-110.9704666,34.32017136,70,3250,Arizona,Phoenix
Coconino,-111.3772659,34.43476486,70,3278,Arizona,Phoenix
Coconino,-111.0220337,34.35454941,70,3252,Arizona,Phoenix
Coconino,-112.6950684,36.3427124,70,3352,Arizona,Phoenix
Coconino,-111.3600769,34.4233017,70,3276,Arizona,Phoenix
Coconino,-110.8444138,34.26860428,70,3246,Arizona,Phoenix
Coconino,-111.7783356,34.80145645,70,3310,Arizona,Phoenix
Coconino,-110.8444138,37.00161362,70,3227,Arizona,Phoenix
Coconino,-111.1824646,34.40611649,70,3267,Arizona,Phoenix
Coconino,-112.5804749,36.85837555,70,3363,Arizona,Phoenix
Coconino,-111.6866684,37.00161362,70,3370,Arizona,Phoenix
Coconino,-111.4001846,34.4233017,70,3280,Arizona,Phoenix
Coconino,-113.3482361,36.04477692,70,3336,Arizona,Phoenix
Coconino,-111.0678711,34.38319778,70,3257,Arizona,Phoenix
Coconino,-111.3887253,34.43476486,70,3279,Arizona,Phoenix
Coconino,-112.6320496,36.68648529,70,3362,Arizona,Phoenix
Coconino,-111.4345627,34.44049454,70,3295,Arizona,Phoenix
Coconino,-111.3199692,37.00161362,70,3372,Arizona,Phoenix
Coconino,-113.1992722,36.10206985,70,3341,Arizona,Phoenix
Coconino,-113.0503006,36.19374084,70,3345,Arizona,Phoenix
Coconino,-111.5319595,34.4233017,70,3306,Arizona,Phoenix
Coconino,-110.8444138,34.25714493,70,3247,Arizona,Phoenix
Coconino,-111.4001846,34.42903519,70,3292,Arizona,Phoenix
Coconino,-111.199646,34.40611649,70,3268,Arizona,Phoenix
Coconino,-111.3199692,37.00161362,70,3224,Arizona,Phoenix
Coconino,-112.6320496,36.6406517,70,3361,Arizona,Phoenix
Coconino,-111.2512131,36.99588394,70,3225,Arizona,Phoenix
Coconino,-111.4001846,34.41184616,70,3281,Arizona,Phoenix
Coconino,-111.4632111,34.41757584,70,3298,Arizona,Phoenix
Coconino,-112.3398361,34.96188354,70,3314,Arizona,Phoenix
Coconino,-111.8069839,34.97907257,70,3312,Arizona,Phoenix
Coconino,-112.6033936,36.39427948,70,3355,Arizona,Phoenix
Coconino,-110.7584686,36.99588394,70,3228,Arizona,Phoenix
Coconino,-112.9529037,35.35722733,70,3324,Arizona,Phoenix
Coconino,-111.4173737,34.4462204,70,3294,Arizona,Phoenix
Coconino,-111.4574814,34.42903519,70,3297,Arizona,Phoenix
Coconino,-113.2508392,36.08488464,70,3339,Arizona,Phoenix
Coconino,-111.3887253,34.38892746,70,3283,Arizona,Phoenix
Coconino,-110.752739,35.33430862,70,3232,Arizona,Phoenix
Coconino,-111.394455,34.400383,70,3282,Arizona,Phoenix
Coconino,-112.5575562,36.90421295,70,3364,Arizona,Phoenix
Coconino,-112.3398361,35.15095901,70,3315,Arizona,Phoenix
Coconino,-112.437233,35.25409317,70,3317,Arizona,Phoenix
Coconino,-113.0216522,36.22812271,70,3346,Arizona,Phoenix
Coconino,-112.2080536,36.99588394,70,3368,Arizona,Phoenix
Coconino,-111.4345627,34.4233017,70,3289,Arizona,Phoenix
Coconino,-111.3887253,34.38319778,70,3284,Arizona,Phoenix
Coconino,-113.3138657,35.95883179,70,3334,Arizona,Phoenix
Coconino,-112.437233,35.15095901,70,3316,Arizona,Phoenix
Coconino,-111.8127136,34.97334671,70,3313,Arizona,Phoenix
Coconino,-112.5346375,36.95005035,70,3365,Arizona,Phoenix
Coconino,-112.4143219,36.99588394,70,3367,Arizona,Phoenix
Coconino,-111.4574814,34.44049454,70,3296,Arizona,Phoenix
Coconino,-111.4918518,34.43476486,70,3303,Arizona,Phoenix
Coconino,-113.1648941,36.15936661,70,3343,Arizona,Phoenix
Coconino,-111.1538162,34.37173843,70,3264,Arizona,Phoenix
Coconino,-110.781395,34.31444168,70,3237,Arizona,Phoenix
Coconino,-111.7897949,34.97334671,70,3311,Arizona,Phoenix
Coconino,-111.4059143,34.44049454,70,3293,Arizona,Phoenix
Coconino,-111.9502258,37.00161362,70,3369,Arizona,Phoenix
Coconino,-113.2221909,36.08488464,70,3340,Arizona,Phoenix
Coconino,-113.290947,36.0906105,70,3338,Arizona,Phoenix
Coconino,-113.1820831,36.14217758,70,3342,Arizona,Phoenix
Coconino,-111.4231033,34.42903519,70,3290,Arizona,Phoenix
Coconino,-111.5033188,34.42903519,70,3304,Arizona,Phoenix
Coconino,-111.5376892,34.42903519,70,3307,Arizona,Phoenix
Coconino,-112.465889,35.25409317,70,3318,Arizona,Phoenix
Coconino,-111.4345627,34.41184616,70,3288,Arizona,Phoenix
Coconino,-112.6721497,36.52032852,70,3358,Arizona,Phoenix
Coconino,-111.1137009,34.38892746,70,3260,Arizona,Phoenix
Coconino,-111.4689407,34.43476486,70,3301,Arizona,Phoenix
Coconino,-111.1423569,34.37746811,70,3263,Arizona,Phoenix
Coconino,-111.1709976,34.38892746,70,3266,Arizona,Phoenix
Coconino,-111.4001846,34.37746811,70,3285,Arizona,Phoenix
Coconino,-111.0965195,34.38892746,70,3259,Arizona,Phoenix
Coconino,-112.6549606,36.41719437,70,3356,Arizona,Phoenix
Coconino,-110.7756653,34.26860428,70,3235,Arizona,Phoenix
Coconino,-112.6320496,36.55470657,70,3359,Arizona,Phoenix
Coconino,-111.1652679,34.38319778,70,3265,Arizona,Phoenix
Coconino,-113.1190567,36.17082214,70,3344,Arizona,Phoenix
Coconino,-112.6778793,36.45730591,70,3357,Arizona,Phoenix
Coconino,-111.428833,34.38892746,70,3287,Arizona,Phoenix
Coconino,-112.6148529,36.5948143,70,3360,Arizona,Phoenix
Coconino,-111.4173737,34.38319778,70,3286,Arizona,Phoenix
Coconino,-111.1251602,34.38892746,70,3261,Arizona,Phoenix
Coconino,-111.1366272,34.38892746,70,3262,Arizona,Phoenix
Coconino,-111.411644,37.00161362,70,3371,Arizona,Phoenix
Gila,-110.7928467,32.9851799,71,3400,Arizona,Tucson
Gila,-111.0334854,34.35454941,71,3504,Arizona,Tucson
Gila,-110.6209564,33.14560699,71,3394,Arizona,Tucson
Gila,-111.5376892,34.42903519,71,3450,Arizona,Tucson
Gila,-110.9131699,34.29725266,71,3508,Arizona,Tucson
Gila,-110.9704666,33.3289566,71,3403,Arizona,Tucson
Gila,-111.5147781,34.4233017,71,3452,Arizona,Tucson
Gila,-111.0678711,34.35454941,71,3502,Arizona,Tucson
Gila,-110.7641983,32.9851799,71,3399,Arizona,Tucson
Gila,-110.6782532,33.09404373,71,3396,Arizona,Tucson
Gila,-111.0449524,34.34309006,71,3503,Arizona,Tucson
Gila,-111.4746704,34.43476486,71,3455,Arizona,Tucson
Gila,-111.4746704,34.4233017,71,3457,Arizona,Tucson
Gila,-110.9303589,33.24301147,71,3401,Arizona,Tucson
Gila,-110.3001022,33.43781662,71,3380,Arizona,Tucson
Gila,-111.4345627,33.99931717,71,3430,Arizona,Tucson
Gila,-111.3887253,34.38319778,71,3473,Arizona,Tucson
Gila,-110.4032364,33.19717407,71,3387,Arizona,Tucson
Gila,-110.7298279,33.01382828,71,3398,Arizona,Tucson
Gila,-110.5865784,33.14560699,71,3393,Arizona,Tucson
Gila,-111.3600769,34.4233017,71,3481,Arizona,Tucson
Gila,-110.7928467,34.31444168,71,3519,Arizona,Tucson
Gila,-110.6610641,33.11696243,71,3395,Arizona,Tucson
Gila,-111.4689407,34.41184616,71,3458,Arizona,Tucson
Gila,-110.8730621,34.2857933,71,3509,Arizona,Tucson
Gila,-111.5892639,34.42903519,71,3448,Arizona,Tucson
Gila,-111.6351013,34.41184616,71,3446,Arizona,Tucson
Gila,-110.4376144,33.24874115,71,3386,Arizona,Tucson
Gila,-111.4746704,34.05661011,71,3433,Arizona,Tucson
Gila,-110.5063705,33.1914444,71,3391,Arizona,Tucson
Gila,-111.4689407,34.43476486,71,3456,Arizona,Tucson
Gila,-111.4345627,34.44049454,71,3462,Arizona,Tucson
Gila,-111.3085098,33.68991852,71,3416,Arizona,Tucson
Gila,-111.4574814,34.44049454,71,3461,Arizona,Tucson
Gila,-111.1824646,34.40611649,71,3490,Arizona,Tucson
Gila,-111.3658066,34.43476486,71,3480,Arizona,Tucson
Gila,-110.5522079,33.16279984,71,3392,Arizona,Tucson
Gila,-110.4605331,33.20290375,71,3389,Arizona,Tucson
Gila,-111.0564117,33.50084305,71,3406,Arizona,Tucson
Gila,-111.6522827,34.37746811,71,3445,Arizona,Tucson
Gila,-111.4689407,34.09671783,71,3435,Arizona,Tucson
Gila,-111.4632111,34.07379913,71,3434,Arizona,Tucson
Gila,-110.2370834,33.47219467,71,3379,Arizona,Tucson
Gila,-110.4032364,33.40343857,71,3383,Arizona,Tucson
Gila,-110.7126312,33.08258438,71,3397,Arizona,Tucson
Gila,-110.4834518,33.1914444,71,3390,Arizona,Tucson
Gila,-111.4918518,34.43476486,71,3454,Arizona,Tucson
Gila,-111.4632111,34.41757584,71,3459,Arizona,Tucson
Gila,-111.2111053,34.41184616,71,3488,Arizona,Tucson
Gila,-111.199646,34.40611649,71,3489,Arizona,Tucson
Gila,-111.1709976,34.38892746,71,3491,Arizona,Tucson
Gila,-110.9704666,34.32017136,71,3507,Arizona,Tucson
Gila,-110.4204254,33.19717407,71,3388,Arizona,Tucson
Gila,-111.5606155,34.44049454,71,3449,Arizona,Tucson
Gila,-110.368866,33.40343857,71,3382,Arizona,Tucson
Gila,-110.3516693,33.43781662,71,3381,Arizona,Tucson
Gila,-110.0136261,33.58678436,71,3377,Arizona,Tucson
Gila,-111.2684021,33.63835526,71,3415,Arizona,Tucson
Gila,-111.4574814,34.42903519,71,3460,Arizona,Tucson
Gila,-110.8444138,34.30871201,71,3515,Arizona,Tucson
Gila,-111.2111053,33.64981079,71,3411,Arizona,Tucson
Gila,-110.7756653,34.26860428,71,3522,Arizona,Tucson
Gila,-111.1652679,33.67845917,71,3408,Arizona,Tucson
Gila,-110.8215027,34.30871201,71,3517,Arizona,Tucson
Gila,-111.3371582,34.41757584,71,3482,Arizona,Tucson
Gila,-111.5319595,34.4233017,71,3451,Arizona,Tucson
Gila,-110.8329544,34.2857933,71,3512,Arizona,Tucson
Gila,-111.4402924,34.02223587,71,3431,Arizona,Tucson
Gila,-111.4460144,33.92483139,71,3427,Arizona,Tucson
Gila,-110.4548035,33.28884506,71,3385,Arizona,Tucson
Gila,-111.394455,33.85034561,71,3424,Arizona,Tucson
Gila,-111.2454834,33.62116241,71,3414,Arizona,Tucson
Gila,-111.2111053,33.63262177,71,3412,Arizona,Tucson
Gila,-110.7985764,34.30298233,71,3518,Arizona,Tucson
Gila,-111.1881943,33.66699982,71,3410,Arizona,Tucson
Gila,-110.752739,34.2628746,71,3523,Arizona,Tucson
Gila,-111.2569427,34.44049454,71,3486,Arizona,Tucson
Gila,-111.2855911,34.44049454,71,3485,Arizona,Tucson
Gila,-110.981926,34.33736038,71,3506,Arizona,Tucson
Gila,-111.0220337,34.35454941,71,3505,Arizona,Tucson
Gila,-111.0449524,33.46073532,71,3405,Arizona,Tucson
Gila,-111.7095795,34.15401077,71,3438,Arizona,Tucson
Gila,-110.8444138,34.25714493,71,3510,Arizona,Tucson
Gila,-111.4059143,33.91337204,71,3426,Arizona,Tucson
Gila,-111.5033188,34.42903519,71,3453,Arizona,Tucson
Gila,-111.394455,33.88472366,71,3425,Arizona,Tucson
Gila,-110.752739,34.2628746,71,3374,Arizona,Tucson
Gila,-111.228302,33.61543655,71,3413,Arizona,Tucson
Gila,-111.1709976,33.67845917,71,3409,Arizona,Tucson
Gila,-111.2397537,34.43476486,71,3487,Arizona,Tucson
Gila,-110.8329544,34.30298233,71,3514,Arizona,Tucson
Gila,-111.2970505,34.43476486,71,3484,Arizona,Tucson
Gila,-111.3142395,34.4233017,71,3483,Arizona,Tucson
Gila,-111.1652679,34.38319778,71,3492,Arizona,Tucson
Gila,-111.016304,33.43209076,71,3404,Arizona,Tucson
Gila,-111.4001846,34.37746811,71,3472,Arizona,Tucson
Gila,-111.4689407,34.02796555,71,3432,Arizona,Tucson
Gila,-111.0678711,33.5123024,71,3407,Arizona,Tucson
Gila,-111.3371582,33.69564819,71,3417,Arizona,Tucson
Gila,-111.4517517,33.95347977,71,3428,Arizona,Tucson
Gila,-110.8272247,34.29152298,71,3513,Arizona,Tucson
Gila,-111.4001846,34.4233017,71,3477,Arizona,Tucson
Gila,-111.3887253,34.38892746,71,3474,Arizona,Tucson
Gila,-111.394455,34.400383,71,3475,Arizona,Tucson
Gila,-110.7756653,34.29725266,71,3521,Arizona,Tucson
Gila,-110.781395,34.31444168,71,3520,Arizona,Tucson
Gila,-110.8329544,34.31444168,71,3516,Arizona,Tucson
Gila,-110.9590073,33.27738953,71,3402,Arizona,Tucson
Gila,-111.3887253,33.75294495,71,3420,Arizona,Tucson
Gila,-111.1538162,34.37173843,71,3493,Arizona,Tucson
Gila,-110.0136261,33.47219467,71,3378,Arizona,Tucson
Gila,-111.4345627,33.98212814,71,3429,Arizona,Tucson
Gila,-111.6809387,34.32017136,71,3443,Arizona,Tucson
Gila,-110.752739,34.00504684,71,3375,Arizona,Tucson
Gila,-110.8444138,34.26860428,71,3511,Arizona,Tucson
Gila,-111.6981201,34.2399559,71,3440,Arizona,Tucson
Gila,-111.4173737,34.4462204,71,3463,Arizona,Tucson
Gila,-111.3887253,34.43476486,71,3478,Arizona,Tucson
Gila,-111.3772659,34.43476486,71,3479,Arizona,Tucson
Gila,-111.4001846,34.41184616,71,3476,Arizona,Tucson
Gila,-111.1366272,34.38892746,71,3495,Arizona,Tucson
Gila,-111.3887253,33.80450821,71,3422,Arizona,Tucson
Gila,-111.4632111,34.15401077,71,3437,Arizona,Tucson
Gila,-111.0621414,34.37746811,71,3501,Arizona,Tucson
Gila,-111.6007233,34.41184616,71,3447,Arizona,Tucson
Gila,-111.4001846,34.42903519,71,3465,Arizona,Tucson
Gila,-110.4490738,33.35760117,71,3384,Arizona,Tucson
Gila,-111.3314285,33.73002625,71,3418,Arizona,Tucson
Gila,-111.6465607,34.34309006,71,3444,Arizona,Tucson
Gila,-111.4861221,34.12536621,71,3436,Arizona,Tucson
Gila,-110.0078964,33.99931717,71,3376,Arizona,Tucson
Gila,-111.6809387,34.30298233,71,3442,Arizona,Tucson
Gila,-111.3772659,33.79305267,71,3421,Arizona,Tucson
Gila,-111.1423569,34.37746811,71,3494,Arizona,Tucson
Gila,-111.3486176,33.74721527,71,3419,Arizona,Tucson
Gila,-111.4173737,34.38319778,71,3471,Arizona,Tucson
Gila,-111.6866684,34.20558167,71,3439,Arizona,Tucson
Gila,-111.4059143,34.44049454,71,3464,Arizona,Tucson
Gila,-111.4345627,34.41184616,71,3469,Arizona,Tucson
Gila,-111.3715363,33.83315659,71,3423,Arizona,Tucson
Gila,-111.4231033,34.42903519,71,3467,Arizona,Tucson
Gila,-111.428833,34.38892746,71,3470,Arizona,Tucson
Gila,-111.411644,34.4233017,71,3466,Arizona,Tucson
Gila,-111.0678711,34.38319778,71,3500,Arizona,Tucson
Gila,-111.0850525,34.38319778,71,3499,Arizona,Tucson
Gila,-111.6694717,34.28006363,71,3441,Arizona,Tucson
Gila,-111.0965195,34.38892746,71,3498,Arizona,Tucson
Gila,-111.1251602,34.38892746,71,3496,Arizona,Tucson
Gila,-111.4345627,34.4233017,71,3468,Arizona,Tucson
Gila,-111.1137009,34.38892746,71,3497,Arizona,Tucson
Graham,-84.02426147,35.33430862,1896,56454,Arizona,Tucson
Graham,-100.1587524,39.14447784,886,26740,Arizona,Tucson
Graham,-99.6259079,39.56846237,886,26742,Arizona,Tucson
Graham,-83.64611053,35.43743896,1896,56430,Arizona,Tucson
Graham,-83.59454346,35.40306473,1896,56435,Arizona,Tucson
Graham,-83.61173248,35.42598343,1896,56431,Arizona,Tucson
Graham,-83.98415375,35.42598343,1896,56458,Arizona,Tucson
Graham,-110.0136261,33.47219467,72,3574,Arizona,Tucson
Graham,-99.59725189,39.13874435,886,26739,Arizona,Tucson
Graham,-83.60600281,35.36868286,1896,56436,Arizona,Tucson
Graham,-83.58881378,35.42024994,1896,56434,Arizona,Tucson
Graham,-83.5773468,35.42598343,1896,56433,Arizona,Tucson
Graham,-83.9497757,35.46035767,1896,56459,Arizona,Tucson
Graham,-110.0136261,33.58678436,72,3525,Arizona,Tucson
Graham,-84.01280212,35.35149384,1896,56455,Arizona,Tucson
Graham,-84.01280212,35.27701187,1896,56451,Arizona,Tucson
Graham,-99.60298157,39.56846237,886,26738,Arizona,Tucson
Graham,-109.6583939,33.59824371,72,3539,Arizona,Tucson
Graham,-83.6231842,35.35722733,1896,56437,Arizona,Tucson
Graham,-84.01280212,35.40879059,1896,56457,Arizona,Tucson
Graham,-83.65756989,35.34576797,1896,56438,Arizona,Tucson
Graham,-109.7615204,33.4893837,72,3535,Arizona,Tucson
Graham,-83.72059631,35.26555252,1896,56442,Arizona,Tucson
Graham,-109.9735184,33.58678436,72,3526,Arizona,Tucson
Graham,-109.2114868,32.62421799,72,3551,Arizona,Tucson
Graham,-100.1644821,39.57419586,886,26741,Arizona,Tucson
Graham,-83.76643372,35.44890213,1896,56427,Arizona,Tucson
Graham,-83.79507446,35.45462799,1896,56426,Arizona,Tucson
Graham,-109.2229385,32.64140701,72,3550,Arizona,Tucson
Graham,-109.6813049,33.55241013,72,3538,Arizona,Tucson
Graham,-109.3260803,32.83620834,72,3547,Arizona,Tucson
Graham,-83.79507446,35.25409317,1896,56445,Arizona,Tucson
Graham,-83.68048859,35.32857513,1896,56439,Arizona,Tucson
Graham,-83.74350739,35.24836349,1896,56443,Arizona,Tucson
Graham,-84.01280212,35.36868286,1896,56456,Arizona,Tucson
Graham,-83.94404602,35.23117447,1896,56447,Arizona,Tucson
Graham,-109.5037003,33.64981079,72,3543,Arizona,Tucson
Graham,-109.5266113,33.63262177,72,3541,Arizona,Tucson
Graham,-110.0136261,33.58678436,72,3575,Arizona,Tucson
Graham,-110.4662628,32.42368317,72,3558,Arizona,Tucson
Graham,-83.77216339,35.24836349,1896,56444,Arizona,Tucson
Graham,-109.9563293,33.57532883,72,3527,Arizona,Tucson
Graham,-109.5037003,33.50084305,72,3544,Arizona,Tucson
Graham,-83.85810852,35.44890213,1896,56425,Arizona,Tucson
Graham,-109.303154,32.82475281,72,3548,Arizona,Tucson
Graham,-83.71485901,35.2942009,1896,56441,Arizona,Tucson
Graham,-109.9219513,33.58678436,72,3528,Arizona,Tucson
Graham,-83.90966797,35.23690414,1896,56446,Arizona,Tucson
Graham,-109.5208817,33.64408112,72,3542,Arizona,Tucson
Graham,-110.4605331,33.20290375,72,3563,Arizona,Tucson
Graham,-110.4490738,33.35760117,72,3568,Arizona,Tucson
Graham,-109.2286758,32.69297028,72,3549,Arizona,Tucson
Graham,-109.2286758,32.48097992,72,3555,Arizona,Tucson
Graham,-84.01280212,35.24836349,1896,56450,Arizona,Tucson
Graham,-109.497963,33.07112503,72,3546,Arizona,Tucson
Graham,-84.0185318,35.31138992,1896,56453,Arizona,Tucson
Graham,-83.69767761,35.43743896,1896,56428,Arizona,Tucson
Graham,-109.1885681,32.42368317,72,3557,Arizona,Tucson
Graham,-110.4032364,33.19717407,72,3565,Arizona,Tucson
Graham,-109.7271423,33.5352211,72,3537,Arizona,Tucson
Graham,-83.70339966,35.31138992,1896,56440,Arizona,Tucson
Graham,-109.2344055,32.53827286,72,3554,Arizona,Tucson
Graham,-83.92685699,35.44890213,1896,56422,Arizona,Tucson
Graham,-110.4548035,33.28884506,72,3567,Arizona,Tucson
Graham,-110.4376144,33.24874115,72,3566,Arizona,Tucson
Graham,-110.4204254,33.19717407,72,3564,Arizona,Tucson
Graham,-110.4662628,32.51535416,72,3559,Arizona,Tucson
Graham,-109.5667191,33.62689209,72,3540,Arizona,Tucson
Graham,-99.60298157,39.56846237,886,26743,Arizona,Tucson
Graham,-83.96696472,35.21971512,1896,56448,Arizona,Tucson
Graham,-109.1942978,32.45232773,72,3556,Arizona,Tucson
Graham,-110.4662628,32.94507217,72,3561,Arizona,Tucson
Graham,-110.4605331,32.52108383,72,3560,Arizona,Tucson
Graham,-109.8990326,33.55813599,72,3529,Arizona,Tucson
Graham,-110.4032364,33.40343857,72,3569,Arizona,Tucson
Graham,-110.3516693,33.43781662,72,3571,Arizona,Tucson
Graham,-83.65756989,35.42598343,1896,56429,Arizona,Tucson
Graham,-109.2286758,32.60702896,72,3552,Arizona,Tucson
Graham,-109.7959061,33.4893837,72,3534,Arizona,Tucson
Graham,-84.02426147,35.2942009,1896,56452,Arizona,Tucson
Graham,-110.368866,33.40343857,72,3570,Arizona,Tucson
Graham,-83.58308411,35.43743896,1896,56432,Arizona,Tucson
Graham,-109.7328796,33.50657272,72,3536,Arizona,Tucson
Graham,-109.8073578,33.50084305,72,3533,Arizona,Tucson
Graham,-83.98988342,35.21398544,1896,56449,Arizona,Tucson
Graham,-110.4548035,32.95653534,72,3562,Arizona,Tucson
Graham,-83.90966797,35.45462799,1896,56423,Arizona,Tucson
Graham,-83.88101959,35.45462799,1896,56424,Arizona,Tucson
Graham,-83.9497757,35.46035767,1896,56421,Arizona,Tucson
Graham,-109.8531952,33.54094696,72,3531,Arizona,Tucson
Graham,-109.8875732,33.55241013,72,3530,Arizona,Tucson
Graham,-109.8360138,33.50084305,72,3532,Arizona,Tucson
Graham,-110.3001022,33.43781662,72,3572,Arizona,Tucson
Graham,-110.2370834,33.47219467,72,3573,Arizona,Tucson
Graham,-109.2057571,32.57838058,72,3553,Arizona,Tucson
Graham,-109.5037003,33.09404373,72,3545,Arizona,Tucson
Greenlee,-109.2286758,32.48097992,73,3581,Arizona,Tucson
Greenlee,-109.0567856,32.42368317,73,3578,Arizona,Tucson
Greenlee,-109.497963,33.07112503,73,3590,Arizona,Tucson
Greenlee,-109.3604507,33.75294495,73,3599,Arizona,Tucson
Greenlee,-109.1885681,32.42368317,73,3579,Arizona,Tucson
Greenlee,-109.0567856,33.77586365,73,3604,Arizona,Tucson
Greenlee,-109.3489914,33.77013397,73,3600,Arizona,Tucson
Greenlee,-109.0510635,33.20290375,73,3605,Arizona,Tucson
Greenlee,-109.0567856,32.77891541,73,3606,Arizona,Tucson
Greenlee,-109.2917023,33.77586365,73,3602,Arizona,Tucson
Greenlee,-109.1656494,33.77586365,73,3603,Arizona,Tucson
Greenlee,-109.1942978,32.45232773,73,3580,Arizona,Tucson
Greenlee,-109.5037003,33.64981079,73,3593,Arizona,Tucson
Greenlee,-109.3260803,32.83620834,73,3589,Arizona,Tucson
Greenlee,-109.2057571,32.57838058,73,3583,Arizona,Tucson
Greenlee,-109.3604507,33.73002625,73,3598,Arizona,Tucson
Greenlee,-109.5037003,33.50084305,73,3592,Arizona,Tucson
Greenlee,-109.4807739,33.67845917,73,3595,Arizona,Tucson
Greenlee,-109.5037003,33.09404373,73,3591,Arizona,Tucson
Greenlee,-109.2286758,32.60702896,73,3584,Arizona,Tucson
Greenlee,-109.303154,32.82475281,73,3588,Arizona,Tucson
Greenlee,-109.2229385,32.64140701,73,3586,Arizona,Tucson
Greenlee,-109.3260803,33.78159332,73,3601,Arizona,Tucson
Greenlee,-109.2286758,32.69297028,73,3587,Arizona,Tucson
Greenlee,-109.2344055,32.53827286,73,3582,Arizona,Tucson
Greenlee,-109.0567856,32.77891541,73,3577,Arizona,Tucson
Greenlee,-109.4062881,33.71856689,73,3597,Arizona,Tucson
Greenlee,-109.2114868,32.62421799,73,3585,Arizona,Tucson
Greenlee,-109.4807739,33.65554047,73,3594,Arizona,Tucson
Greenlee,-109.4463959,33.71283722,73,3596,Arizona,Tucson
La Paz,-114.6603088,33.053936,3083,90967,Arizona,Tucson
La Paz,-114.7004166,33.08258438,3083,90968,Arizona,Tucson
La Paz,-114.7118759,33.13414764,3083,90969,Arizona,Tucson
La Paz,-114.6889572,33.26593018,3083,90970,Arizona,Tucson
La Paz,-113.3310547,34.00504684,3083,90958,Arizona,Tucson
La Paz,-113.325325,33.84461594,3083,90959,Arizona,Tucson
La Paz,-113.3310547,33.49510956,3083,90960,Arizona,Tucson
La Paz,-113.3310547,33.37479019,3083,90961,Arizona,Tucson
La Paz,-113.955574,33.37479019,3083,90962,Arizona,Tucson
La Paz,-113.955574,33.46073532,3083,90963,Arizona,Tucson
La Paz,-114.2649765,33.46073532,3083,90964,Arizona,Tucson
La Paz,-114.2707062,33.0310173,3083,90965,Arizona,Tucson
La Paz,-114.5399933,33.04247284,3083,90966,Arizona,Tucson
La Paz,-114.5571823,33.57532883,3083,90980,Arizona,Tucson
La Paz,-114.5285339,33.63262177,3083,90981,Arizona,Tucson
La Paz,-114.5399933,33.69564819,3083,90982,Arizona,Tucson
La Paz,-114.5228043,33.73002625,3083,90983,Arizona,Tucson
La Paz,-114.5399933,33.78159332,3083,90984,Arizona,Tucson
La Paz,-114.5399933,33.92483139,3083,90985,Arizona,Tucson
La Paz,-114.5170746,33.96493912,3083,90986,Arizona,Tucson
La Paz,-114.4540482,33.99931717,3083,90987,Arizona,Tucson
La Paz,-114.4712372,34.01650238,3083,90988,Arizona,Tucson
La Paz,-114.4483185,34.03942108,3083,90989,Arizona,Tucson
La Paz,-114.4196701,34.07952881,3083,90990,Arizona,Tucson
La Paz,-114.3967514,34.11390686,3083,90991,Arizona,Tucson
La Paz,-114.2993469,34.15401077,3083,90992,Arizona,Tucson
La Paz,-114.2305984,34.19984818,3083,90993,Arizona,Tucson
La Paz,-114.1904907,34.24568558,3083,90994,Arizona,Tucson
La Paz,-114.133194,34.2628746,3083,90995,Arizona,Tucson
La Paz,-114.1389236,34.29725266,3083,90996,Arizona,Tucson
La Paz,-114.0873566,34.29725266,3083,90997,Arizona,Tucson
La Paz,-114.0243301,34.2628746,3083,90998,Arizona,Tucson
La Paz,-113.9040146,34.25141907,3083,90999,Arizona,Tucson
La Paz,-113.8696365,34.25714493,3083,91000,Arizona,Tucson
La Paz,-113.8295288,34.23423004,3083,91001,Arizona,Tucson
La Paz,-113.703476,34.2399559,3083,91002,Arizona,Tucson
La Paz,-113.6748276,34.21131134,3083,91003,Arizona,Tucson
La Paz,-113.5774231,34.23423004,3083,91004,Arizona,Tucson
La Paz,-113.5716934,34.26860428,3083,91005,Arizona,Tucson
La Paz,-113.525856,34.30871201,3083,91006,Arizona,Tucson
La Paz,-113.4284515,34.30871201,3083,91007,Arizona,Tucson
La Paz,-113.3768921,34.30298233,3083,91008,Arizona,Tucson
La Paz,-113.3310547,34.32590103,3083,91009,Arizona,Tucson
La Paz,-113.3310547,34.00504684,3083,91010,Arizona,Tucson
La Paz,-114.7405243,33.31176376,3083,90971,Arizona,Tucson
La Paz,-114.7176056,33.35760117,3083,90972,Arizona,Tucson
La Paz,-114.7290649,33.40343857,3083,90973,Arizona,Tucson
La Paz,-114.6889572,33.43209076,3083,90974,Arizona,Tucson
La Paz,-114.6488495,33.45500565,3083,90975,Arizona,Tucson
La Paz,-114.6373901,33.48365402,3083,90976,Arizona,Tucson
La Paz,-114.6087418,33.50084305,3083,90977,Arizona,Tucson
La Paz,-114.6202011,33.52949142,3083,90978,Arizona,Tucson
La Paz,-114.5686417,33.54668045,3083,90979,Arizona,Tucson
Maricopa,-113.3367767,32.51535416,74,3609,Arizona,Phoenix
Maricopa,-111.3085098,33.68991852,74,3641,Arizona,Phoenix
Maricopa,-113.3367767,32.65286255,74,3610,Arizona,Phoenix
Maricopa,-113.3367767,32.94507217,74,3611,Arizona,Phoenix
Maricopa,-111.3486176,33.74721527,74,3638,Arizona,Phoenix
Maricopa,-112.2252426,33.92483139,74,3621,Arizona,Phoenix
Maricopa,-111.5720673,33.46073532,74,3654,Arizona,Phoenix
Maricopa,-113.3310547,34.00504684,74,3616,Arizona,Phoenix
Maricopa,-112.2080536,32.50962448,74,3608,Arizona,Phoenix
Maricopa,-111.4059143,33.91337204,74,3631,Arizona,Phoenix
Maricopa,-111.2111053,33.64981079,74,3646,Arizona,Phoenix
Maricopa,-111.3772659,33.79305267,74,3636,Arizona,Phoenix
Maricopa,-113.1190567,34.00504684,74,3617,Arizona,Phoenix
Maricopa,-113.3310547,33.49510956,74,3614,Arizona,Phoenix
Maricopa,-111.3887253,33.80450821,74,3635,Arizona,Phoenix
Maricopa,-111.8757401,34.02223587,74,3625,Arizona,Phoenix
Maricopa,-111.228302,33.46073532,74,3653,Arizona,Phoenix
Maricopa,-111.394455,33.85034561,74,3633,Arizona,Phoenix
Maricopa,-112.2309723,33.95920944,74,3622,Arizona,Phoenix
Maricopa,-111.3715363,33.83315659,74,3634,Arizona,Phoenix
Maricopa,-112.2080536,32.50962448,74,3662,Arizona,Phoenix
Maricopa,-111.228302,33.61543655,74,3644,Arizona,Phoenix
Maricopa,-112.0762711,33.2143631,74,3658,Arizona,Phoenix
Maricopa,-111.1881943,33.66699982,74,3647,Arizona,Phoenix
Maricopa,-111.5835266,33.38625336,74,3656,Arizona,Phoenix
Maricopa,-113.3310547,33.37479019,74,3613,Arizona,Phoenix
Maricopa,-111.3887253,33.75294495,74,3637,Arizona,Phoenix
Maricopa,-112.2023239,32.95653534,74,3660,Arizona,Phoenix
Maricopa,-111.394455,33.88472366,74,3632,Arizona,Phoenix
Maricopa,-112.7409058,34.00504684,74,3618,Arizona,Phoenix
Maricopa,-113.325325,33.84461594,74,3615,Arizona,Phoenix
Maricopa,-111.2111053,33.63262177,74,3645,Arizona,Phoenix
Maricopa,-111.2454834,33.62116241,74,3643,Arizona,Phoenix
Maricopa,-112.1450272,34.03942108,74,3624,Arizona,Phoenix
Maricopa,-112.1908646,33.97639847,74,3623,Arizona,Phoenix
Maricopa,-112.2768097,33.87899399,74,3619,Arizona,Phoenix
Maricopa,-111.4345627,33.98212814,74,3628,Arizona,Phoenix
Maricopa,-111.4460144,33.92483139,74,3630,Arizona,Phoenix
Maricopa,-111.5835266,33.2143631,74,3657,Arizona,Phoenix
Maricopa,-111.0564117,33.50084305,74,3651,Arizona,Phoenix
Maricopa,-111.5777969,33.39770889,74,3655,Arizona,Phoenix
Maricopa,-111.2684021,33.63835526,74,3642,Arizona,Phoenix
Maricopa,-111.0678711,33.5123024,74,3650,Arizona,Phoenix
Maricopa,-111.1652679,33.67845917,74,3649,Arizona,Phoenix
Maricopa,-111.1709976,33.67845917,74,3648,Arizona,Phoenix
Maricopa,-111.3314285,33.73002625,74,3639,Arizona,Phoenix
Maricopa,-112.2596207,33.90764236,74,3620,Arizona,Phoenix
Maricopa,-112.2023239,33.28884506,74,3659,Arizona,Phoenix
Maricopa,-111.4345627,33.99931717,74,3627,Arizona,Phoenix
Maricopa,-111.0449524,33.46073532,74,3652,Arizona,Phoenix
Maricopa,-111.4517517,33.95347977,74,3629,Arizona,Phoenix
Maricopa,-111.7210388,34.00504684,74,3626,Arizona,Phoenix
Maricopa,-113.3367767,33.1914444,74,3612,Arizona,Phoenix
Maricopa,-112.2023239,32.61275482,74,3661,Arizona,Phoenix
Maricopa,-111.3371582,33.69564819,74,3640,Arizona,Phoenix
Mohave,-114.7004166,36.11925888,75,3685,Arizona,Phoenix
Mohave,-114.7348022,36.10780334,75,3684,Arizona,Phoenix
Mohave,-114.4884262,36.13644791,75,3688,Arizona,Phoenix
Mohave,-114.2019424,36.02185822,75,3693,Arizona,Phoenix
Mohave,-114.3279953,36.11352921,75,3690,Arizona,Phoenix
Mohave,-114.0816269,36.13644791,75,3696,Arizona,Phoenix
Mohave,-114.7577133,36.06196594,75,3683,Arizona,Phoenix
Mohave,-113.1648941,36.15936661,75,3729,Arizona,Phoenix
Mohave,-112.5346375,36.95005035,75,3707,Arizona,Phoenix
Mohave,-114.5571823,36.15363693,75,3687,Arizona,Phoenix
Mohave,-114.6259384,35.40879059,75,3671,Arizona,Phoenix
Mohave,-114.545723,34.84729385,75,3770,Arizona,Phoenix
Mohave,-114.3967514,36.13644791,75,3689,Arizona,Phoenix
Mohave,-114.6660461,35.45462799,75,3672,Arizona,Phoenix
Mohave,-112.6778793,36.45730591,75,3715,Arizona,Phoenix
Mohave,-113.9040146,34.25141907,75,3758,Arizona,Phoenix
Mohave,-113.8295288,34.23423004,75,3756,Arizona,Phoenix
Mohave,-114.4196701,34.61238098,75,3766,Arizona,Phoenix
Mohave,-114.0529785,36.21093369,75,3697,Arizona,Phoenix
Mohave,-114.6373901,35.0191803,75,3774,Arizona,Phoenix
Mohave,-112.6320496,36.68648529,75,3710,Arizona,Phoenix
Mohave,-112.6721497,36.52032852,75,3714,Arizona,Phoenix
Mohave,-113.2794876,37.00161362,75,3702,Arizona,Phoenix
Mohave,-114.4024887,34.58946228,75,3765,Arizona,Phoenix
Mohave,-112.6148529,36.5948143,75,3712,Arizona,Phoenix
Mohave,-113.703476,34.2399559,75,3755,Arizona,Phoenix
Mohave,-113.0216522,36.22812271,75,3726,Arizona,Phoenix
Mohave,-114.0243301,34.2628746,75,3759,Arizona,Phoenix
Mohave,-114.5686417,34.86448288,75,3771,Arizona,Phoenix
Mohave,-114.0415192,36.99588394,75,3699,Arizona,Phoenix
Mohave,-114.5514526,34.8358345,75,3769,Arizona,Phoenix
Mohave,-114.6087418,34.88740158,75,3772,Arizona,Phoenix
Mohave,-112.7638245,36.27968597,75,3724,Arizona,Phoenix
Mohave,-112.5804749,36.85837555,75,3709,Arizona,Phoenix
Mohave,-114.2649765,36.02758408,75,3692,Arizona,Phoenix
Mohave,-113.1190567,36.17082214,75,3728,Arizona,Phoenix
Mohave,-113.0503006,36.19374084,75,3727,Arizona,Phoenix
Mohave,-114.6431274,36.14217758,75,3686,Arizona,Phoenix
Mohave,-112.5403748,36.99588394,75,3706,Arizona,Phoenix
Mohave,-112.6320496,36.6406517,75,3711,Arizona,Phoenix
Mohave,-114.6316681,34.96188354,75,3773,Arizona,Phoenix
Mohave,-114.5743637,34.80718613,75,3768,Arizona,Phoenix
Mohave,-112.683609,36.32552338,75,3719,Arizona,Phoenix
Mohave,-114.3738327,34.4691391,75,3764,Arizona,Phoenix
Mohave,-114.0873566,34.29725266,75,3760,Arizona,Phoenix
Mohave,-113.3138657,35.95883179,75,3738,Arizona,Phoenix
Mohave,-113.8237991,36.99588394,75,3700,Arizona,Phoenix
Mohave,-114.3108139,36.04477692,75,3691,Arizona,Phoenix
Mohave,-114.5743637,35.17961121,75,3667,Arizona,Phoenix
Mohave,-113.2221909,36.08488464,75,3732,Arizona,Phoenix
Mohave,-113.1992722,36.10206985,75,3731,Arizona,Phoenix
Mohave,-113.1820831,36.14217758,75,3730,Arizona,Phoenix
Mohave,-114.4483185,34.70978165,75,3767,Arizona,Phoenix
Mohave,-112.6320496,36.55470657,75,3713,Arizona,Phoenix
Mohave,-112.6549606,36.33698273,75,3718,Arizona,Phoenix
Mohave,-114.2878876,34.4233017,75,3763,Arizona,Phoenix
Mohave,-114.1389236,34.29725266,75,3761,Arizona,Phoenix
Mohave,-112.9529037,36.22239304,75,3725,Arizona,Phoenix
Mohave,-112.5575562,36.90421295,75,3708,Arizona,Phoenix
Mohave,-113.3023987,35.87288666,75,3740,Arizona,Phoenix
Mohave,-113.325325,35.52338409,75,3743,Arizona,Phoenix
Mohave,-114.7118759,35.91299438,75,3680,Arizona,Phoenix
Mohave,-114.6603088,35.50046539,75,3673,Arizona,Phoenix
Mohave,-113.290947,36.0906105,75,3734,Arizona,Phoenix
Mohave,-113.325325,34.38892746,75,3747,Arizona,Phoenix
Mohave,-112.6033936,36.39427948,75,3717,Arizona,Phoenix
Mohave,-112.6950684,36.3427124,75,3720,Arizona,Phoenix
Mohave,-112.6549606,36.41719437,75,3716,Arizona,Phoenix
Mohave,-113.3482361,36.04477692,75,3736,Arizona,Phoenix
Mohave,-113.3768921,34.30298233,75,3749,Arizona,Phoenix
Mohave,-113.5774231,34.23423004,75,3753,Arizona,Phoenix
Mohave,-114.6431274,35.10512161,75,3665,Arizona,Phoenix
Mohave,-113.3138657,35.90153885,75,3739,Arizona,Phoenix
Mohave,-113.325325,34.92750931,75,3745,Arizona,Phoenix
Mohave,-114.1389236,36.03904724,75,3694,Arizona,Phoenix
Mohave,-114.7348022,35.95883179,75,3681,Arizona,Phoenix
Mohave,-113.8696365,34.25714493,75,3757,Arizona,Phoenix
Mohave,-113.537323,37.00161362,75,3701,Arizona,Phoenix
Mohave,-113.3310547,34.32590103,75,3748,Arizona,Phoenix
Mohave,-114.1675644,34.33736038,75,3762,Arizona,Phoenix
Mohave,-114.6373901,35.0191803,75,3664,Arizona,Phoenix
Mohave,-113.3425064,36.00466919,75,3737,Arizona,Phoenix
Mohave,-113.3195953,34.60664749,75,3746,Arizona,Phoenix
Mohave,-114.7004166,35.79267502,75,3678,Arizona,Phoenix
Mohave,-113.3195953,36.07915115,75,3735,Arizona,Phoenix
Mohave,-113.5716934,34.26860428,75,3752,Arizona,Phoenix
Mohave,-113.325325,35.82131958,75,3741,Arizona,Phoenix
Mohave,-112.7466354,36.29114914,75,3723,Arizona,Phoenix
Mohave,-114.6030197,35.12231064,75,3666,Arizona,Phoenix
Mohave,-114.6832352,35.66662216,75,3676,Arizona,Phoenix
Mohave,-114.5858307,35.23690414,75,3668,Arizona,Phoenix
Mohave,-113.2508392,36.08488464,75,3733,Arizona,Phoenix
Mohave,-113.4284515,34.30871201,75,3750,Arizona,Phoenix
Mohave,-114.5972824,35.28274155,75,3669,Arizona,Phoenix
Mohave,-114.6717758,35.60932922,75,3675,Arizona,Phoenix
Mohave,-112.7294464,37.00161362,75,3705,Arizona,Phoenix
Mohave,-114.6087418,35.35722733,75,3670,Arizona,Phoenix
Mohave,-113.6748276,34.21131134,75,3754,Arizona,Phoenix
Mohave,-114.6889572,35.88434601,75,3679,Arizona,Phoenix
Mohave,-114.6660461,35.54057312,75,3674,Arizona,Phoenix
Mohave,-114.7348022,36.01612854,75,3682,Arizona,Phoenix
Mohave,-113.525856,34.30871201,75,3751,Arizona,Phoenix
Mohave,-114.7004166,35.71245956,75,3677,Arizona,Phoenix
Mohave,-112.9070663,36.99588394,75,3704,Arizona,Phoenix
Mohave,-114.0472488,36.84118652,75,3698,Arizona,Phoenix
Mohave,-113.325325,35.33430862,75,3744,Arizona,Phoenix
Mohave,-112.7122574,36.30833435,75,3722,Arizona,Phoenix
Mohave,-114.1160049,36.09634018,75,3695,Arizona,Phoenix
Mohave,-112.7237167,36.33698273,75,3721,Arizona,Phoenix
Mohave,-113.3310547,35.66662216,75,3742,Arizona,Phoenix
Mohave,-113.0044708,37.00161362,75,3703,Arizona,Phoenix
Navajo,-110.7584686,36.99588394,76,3785,Arizona,Gallup
Navajo,-110.0136261,33.58678436,76,3776,Arizona,Gallup
Navajo,-109.8474655,34.13682556,76,3800,Arizona,Gallup
Navajo,-109.9735184,33.58678436,76,3808,Arizona,Gallup
Navajo,-109.8302841,35.64370346,76,3794,Arizona,Gallup
Navajo,-109.8474655,35.13950348,76,3797,Arizona,Gallup
Navajo,-109.8589249,34.13109589,76,3801,Arizona,Gallup
Navajo,-110.0078964,33.99931717,76,3777,Arizona,Gallup
Navajo,-110.752739,34.2628746,76,3779,Arizona,Gallup
Navajo,-110.5464783,36.99588394,76,3787,Arizona,Gallup
Navajo,-110.752739,34.84729385,76,3780,Arizona,Gallup
Navajo,-110.0136261,33.58678436,76,3809,Arizona,Gallup
Navajo,-110.0078964,36.29114914,76,3792,Arizona,Gallup
Navajo,-109.8589249,33.71283722,76,3802,Arizona,Gallup
Navajo,-109.8818436,33.70710754,76,3803,Arizona,Gallup
Navajo,-110.0881042,37.00161362,76,3789,Arizona,Gallup
Navajo,-110.752739,35.33430862,76,3781,Arizona,Gallup
Navajo,-109.8990326,33.55813599,76,3805,Arizona,Gallup
Navajo,-110.752739,34.00504684,76,3778,Arizona,Gallup
Navajo,-109.8474655,34.31444168,76,3799,Arizona,Gallup
Navajo,-109.8875732,33.55241013,76,3804,Arizona,Gallup
Navajo,-110.752739,35.86715698,76,3782,Arizona,Gallup
Navajo,-110.6839905,36.99588394,76,3786,Arizona,Gallup
Navajo,-110.7584686,36.80680847,76,3784,Arizona,Gallup
Navajo,-110.0078964,37.00161362,76,3790,Arizona,Gallup
Navajo,-109.9219513,33.58678436,76,3806,Arizona,Gallup
Navajo,-109.8474655,35.51765442,76,3796,Arizona,Gallup
Navajo,-110.0078964,36.81253815,76,3791,Arizona,Gallup
Navajo,-109.9563293,33.57532883,76,3807,Arizona,Gallup
Navajo,-109.8245544,35.52338409,76,3795,Arizona,Gallup
Navajo,-110.752739,36.40573883,76,3783,Arizona,Gallup
Navajo,-109.8474655,34.64675903,76,3798,Arizona,Gallup
Navajo,-110.3058319,37.00161362,76,3788,Arizona,Gallup
Navajo,-110.0021667,35.64943314,76,3793,Arizona,Gallup
Pima,-110.769928,32.51535416,77,3818,Arizona,Tucson
Pima,-111.3887253,31.52986717,77,3827,Arizona,Tucson
Pima,-113.3367767,32.51535416,77,3811,Arizona,Tucson
Pima,-110.4662628,32.42368317,77,3821,Arizona,Tucson
Pima,-112.0361633,31.65018845,77,3830,Arizona,Tucson
Pima,-110.8673325,31.72467232,77,3824,Arizona,Tucson
Pima,-110.5980453,32.51535416,77,3819,Arizona,Tucson
Pima,-112.3283768,31.74186325,77,3831,Arizona,Tucson
Pima,-110.4662628,32.51535416,77,3820,Arizona,Tucson
Pima,-113.3482361,32.05698776,77,3835,Arizona,Tucson
Pima,-111.1824646,31.53559875,77,3826,Arizona,Tucson
Pima,-111.1652679,32.51535416,77,3817,Arizona,Tucson
Pima,-112.9299774,31.92520905,77,3833,Arizona,Tucson
Pima,-113.3367767,32.51535416,77,3836,Arizona,Tucson
Pima,-110.8616028,31.73040199,77,3823,Arizona,Tucson
Pima,-112.66642,31.83926582,77,3832,Arizona,Tucson
Pima,-113.1878128,32.0054245,77,3834,Arizona,Tucson
Pima,-111.3887253,31.44392395,77,3828,Arizona,Tucson
Pima,-111.1824646,31.72467232,77,3825,Arizona,Tucson
Pima,-111.629364,31.51840973,77,3829,Arizona,Tucson
Pima,-110.4662628,31.74186325,77,3822,Arizona,Tucson
Pima,-111.5720673,32.50389862,77,3815,Arizona,Tucson
Pima,-111.5835266,32.50962448,77,3814,Arizona,Tucson
Pima,-112.2080536,32.50962448,77,3812,Arizona,Tucson
Pima,-111.1652679,32.50389862,77,3816,Arizona,Tucson
Pima,-112.0075226,32.50962448,77,3813,Arizona,Tucson
Pinal,-110.4605331,33.20290375,78,3876,Arizona,Tucson
Pinal,-110.4605331,33.20290375,78,3838,Arizona,Tucson
Pinal,-110.6610641,33.11696243,78,3870,Arizona,Tucson
Pinal,-110.4834518,33.1914444,78,3875,Arizona,Tucson
Pinal,-110.5522079,33.16279984,78,3873,Arizona,Tucson
Pinal,-110.9704666,33.3289566,78,3862,Arizona,Tucson
Pinal,-110.5063705,33.1914444,78,3874,Arizona,Tucson
Pinal,-110.4605331,32.52108383,78,3841,Arizona,Tucson
Pinal,-111.1652679,32.51535416,78,3845,Arizona,Tucson
Pinal,-110.9590073,33.27738953,78,3863,Arizona,Tucson
Pinal,-110.7641983,32.9851799,78,3866,Arizona,Tucson
Pinal,-110.769928,32.51535416,78,3844,Arizona,Tucson
Pinal,-110.5865784,33.14560699,78,3872,Arizona,Tucson
Pinal,-112.0762711,33.2143631,78,3854,Arizona,Tucson
Pinal,-110.6209564,33.14560699,78,3871,Arizona,Tucson
Pinal,-111.5720673,33.46073532,78,3858,Arizona,Tucson
Pinal,-110.7126312,33.08258438,78,3868,Arizona,Tucson
Pinal,-110.4662628,32.94507217,78,3840,Arizona,Tucson
Pinal,-111.5835266,33.38625336,78,3856,Arizona,Tucson
Pinal,-110.4662628,32.51535416,78,3842,Arizona,Tucson
Pinal,-110.6782532,33.09404373,78,3869,Arizona,Tucson
Pinal,-110.5980453,32.51535416,78,3843,Arizona,Tucson
Pinal,-111.5720673,32.50389862,78,3847,Arizona,Tucson
Pinal,-110.4548035,32.95653534,78,3839,Arizona,Tucson
Pinal,-111.0449524,33.46073532,78,3860,Arizona,Tucson
Pinal,-112.2023239,33.28884506,78,3853,Arizona,Tucson
Pinal,-112.2023239,32.95653534,78,3852,Arizona,Tucson
Pinal,-111.5835266,33.2143631,78,3855,Arizona,Tucson
Pinal,-111.016304,33.43209076,78,3861,Arizona,Tucson
Pinal,-111.5835266,32.50962448,78,3848,Arizona,Tucson
Pinal,-110.7298279,33.01382828,78,3867,Arizona,Tucson
Pinal,-111.1652679,32.50389862,78,3846,Arizona,Tucson
Pinal,-110.7928467,32.9851799,78,3865,Arizona,Tucson
Pinal,-110.9303589,33.24301147,78,3864,Arizona,Tucson
Pinal,-112.2080536,32.50962448,78,3850,Arizona,Tucson
Pinal,-111.5777969,33.39770889,78,3857,Arizona,Tucson
Pinal,-112.0075226,32.50962448,78,3849,Arizona,Tucson
Pinal,-112.2023239,32.61275482,78,3851,Arizona,Tucson
Pinal,-111.228302,33.46073532,78,3859,Arizona,Tucson
Santa Cruz,-121.7019653,37.00734329,200,9172,Arizona,Tucson
Santa Cruz,-110.4662628,31.74186325,79,3884,Arizona,Tucson
Santa Cruz,-121.8222809,37.06464005,200,9169,Arizona,Tucson
Santa Cruz,-110.8673325,31.72467232,79,3882,Arizona,Tucson
Santa Cruz,-110.9876556,31.34652138,79,3890,Arizona,Tucson
Santa Cruz,-121.7592545,37.04172134,200,9170,Arizona,Tucson
Santa Cruz,-121.7306061,37.01307678,200,9171,Arizona,Tucson
Santa Cruz,-121.6962433,36.90994263,200,9179,Arizona,Tucson
Santa Cruz,-110.4662628,31.65591812,79,3885,Arizona,Tucson
Santa Cruz,-121.6446686,36.93858719,200,9175,Arizona,Tucson
Santa Cruz,-121.6618576,36.96150589,200,9174,Arizona,Tucson
Santa Cruz,-122.303566,37.14485168,200,9198,Arizona,Tucson
Santa Cruz,-111.3887253,31.44392395,79,3878,Arizona,Tucson
Santa Cruz,-121.8337479,36.95005035,200,9184,Arizona,Tucson
Santa Cruz,-122.0113602,36.96723938,200,9190,Arizona,Tucson
Santa Cruz,-122.303566,37.19068909,200,9158,Arizona,Tucson
Santa Cruz,-110.4777222,31.65591812,79,3886,Arizona,Tucson
Santa Cruz,-111.1824646,31.72467232,79,3881,Arizona,Tucson
Santa Cruz,-122.2577362,37.11047745,200,9196,Arizona,Tucson
Santa Cruz,-110.8616028,31.73040199,79,3883,Arizona,Tucson
Santa Cruz,-111.2970505,31.41527748,79,3892,Arizona,Tucson
Santa Cruz,-110.4777222,31.46111107,79,3887,Arizona,Tucson
Santa Cruz,-121.8853149,36.97296524,200,9185,Arizona,Tucson
Santa Cruz,-122.0342789,36.96723938,200,9191,Arizona,Tucson
Santa Cruz,-121.7306061,36.90994263,200,9180,Arizona,Tucson
Santa Cruz,-111.1824646,31.53559875,79,3880,Arizona,Tucson
Santa Cruz,-122.103035,36.98442459,200,9192,Arizona,Tucson
Santa Cruz,-121.6160278,36.91566849,200,9176,Arizona,Tucson
Santa Cruz,-122.1603394,37.01880264,200,9193,Arizona,Tucson
Santa Cruz,-121.6675949,36.90421295,200,9178,Arizona,Tucson
Santa Cruz,-122.2118912,37.05318069,200,9194,Arizona,Tucson
Santa Cruz,-121.7535324,36.89848328,200,9181,Arizona,Tucson
Santa Cruz,-122.1144943,37.26517487,200,9164,Arizona,Tucson
Santa Cruz,-111.3887253,31.52986717,79,3879,Arizona,Tucson
Santa Cruz,-121.9082336,36.98442459,200,9186,Arizona,Tucson
Santa Cruz,-122.091568,37.22506714,200,9165,Arizona,Tucson
Santa Cruz,-121.8337479,37.09901428,200,9168,Arizona,Tucson
Santa Cruz,-122.1316757,37.27663422,200,9163,Arizona,Tucson
Santa Cruz,-121.9540634,36.96723938,200,9188,Arizona,Tucson
Santa Cruz,-121.7649918,36.88129425,200,9182,Arizona,Tucson
Santa Cruz,-122.2921066,37.12193298,200,9197,Arizona,Tucson
Santa Cruz,-122.2348175,37.09328842,200,9195,Arizona,Tucson
Santa Cruz,-121.6446686,36.88702393,200,9177,Arizona,Tucson
Santa Cruz,-110.6324158,31.35225105,79,3889,Arizona,Tucson
Santa Cruz,-121.6962433,36.96150589,200,9173,Arizona,Tucson
Santa Cruz,-122.0113602,37.15631485,200,9167,Arizona,Tucson
Santa Cruz,-121.9254227,36.96723938,200,9187,Arizona,Tucson
Santa Cruz,-122.137413,37.25371552,200,9162,Arizona,Tucson
Santa Cruz,-111.3887253,31.44392395,79,3893,Arizona,Tucson
Santa Cruz,-121.9712524,36.97869492,200,9189,Arizona,Tucson
Santa Cruz,-122.0285568,37.20214844,200,9166,Arizona,Tucson
Santa Cruz,-111.1194305,31.35797882,79,3891,Arizona,Tucson
Santa Cruz,-110.4777222,31.35225105,79,3888,Arizona,Tucson
Santa Cruz,-121.7993622,36.90994263,200,9183,Arizona,Tucson
Santa Cruz,-122.303566,37.14485168,200,9157,Arizona,Tucson
Santa Cruz,-122.137413,37.21360779,200,9161,Arizona,Tucson
Santa Cruz,-122.2233505,37.21360779,200,9160,Arizona,Tucson
Santa Cruz,-122.2348175,37.19068909,200,9159,Arizona,Tucson
Yavapai,-112.2768097,33.87899399,80,3922,Arizona,Phoenix
Yavapai,-111.5606155,34.80145645,80,3951,Arizona,Phoenix
Yavapai,-113.325325,34.92750931,80,3929,Arizona,Phoenix
Yavapai,-112.437233,35.15095901,80,3944,Arizona,Phoenix
Yavapai,-113.325325,34.38892746,80,3927,Arizona,Phoenix
Yavapai,-111.7095795,34.15401077,80,3906,Arizona,Phoenix
Yavapai,-111.5606155,34.44049454,80,3952,Arizona,Phoenix
Yavapai,-111.4689407,34.09671783,80,3909,Arizona,Phoenix
Yavapai,-113.1648941,35.50046539,80,3934,Arizona,Phoenix
Yavapai,-111.4861221,34.12536621,80,3908,Arizona,Phoenix
Yavapai,-111.8127136,34.97334671,80,3947,Arizona,Phoenix
Yavapai,-113.325325,35.52338409,80,3931,Arizona,Phoenix
Yavapai,-111.7210388,34.00504684,80,3915,Arizona,Phoenix
Yavapai,-112.2309723,33.95920944,80,3919,Arizona,Phoenix
Yavapai,-112.7409058,34.00504684,80,3923,Arizona,Phoenix
Yavapai,-111.7783356,34.80145645,80,3950,Arizona,Phoenix
Yavapai,-111.4402924,34.02223587,80,3913,Arizona,Phoenix
Yavapai,-111.6351013,34.41184616,80,3898,Arizona,Phoenix
Yavapai,-111.6465607,34.34309006,80,3900,Arizona,Phoenix
Yavapai,-111.5606155,34.44049454,80,3895,Arizona,Phoenix
Yavapai,-112.437233,35.25409317,80,3943,Arizona,Phoenix
Yavapai,-112.2252426,33.92483139,80,3920,Arizona,Phoenix
Yavapai,-111.6522827,34.37746811,80,3899,Arizona,Phoenix
Yavapai,-113.3310547,34.00504684,80,3925,Arizona,Phoenix
Yavapai,-113.1190567,34.00504684,80,3924,Arizona,Phoenix
Yavapai,-112.6950684,35.31138992,80,3938,Arizona,Phoenix
Yavapai,-111.6981201,34.2399559,80,3904,Arizona,Phoenix
Yavapai,-113.3310547,34.32590103,80,3926,Arizona,Phoenix
Yavapai,-111.4689407,34.02796555,80,3912,Arizona,Phoenix
Yavapai,-111.6007233,34.41184616,80,3897,Arizona,Phoenix
Yavapai,-112.5575562,35.23690414,80,3940,Arizona,Phoenix
Yavapai,-112.4888,35.24263382,80,3941,Arizona,Phoenix
Yavapai,-113.3195953,34.60664749,80,3928,Arizona,Phoenix
Yavapai,-112.9872742,35.39733124,80,3935,Arizona,Phoenix
Yavapai,-113.2107315,35.50619507,80,3933,Arizona,Phoenix
Yavapai,-112.465889,35.25409317,80,3942,Arizona,Phoenix
Yavapai,-111.6809387,34.32017136,80,3901,Arizona,Phoenix
Yavapai,-111.4746704,34.05661011,80,3911,Arizona,Phoenix
Yavapai,-111.4632111,34.15401077,80,3907,Arizona,Phoenix
Yavapai,-111.6694717,34.28006363,80,3903,Arizona,Phoenix
Yavapai,-111.8069839,34.97907257,80,3948,Arizona,Phoenix
Yavapai,-112.2596207,33.90764236,80,3921,Arizona,Phoenix
Yavapai,-112.3398361,34.96188354,80,3946,Arizona,Phoenix
Yavapai,-112.3398361,35.15095901,80,3945,Arizona,Phoenix
Yavapai,-113.2622986,35.52338409,80,3932,Arizona,Phoenix
Yavapai,-112.1450272,34.03942108,80,3917,Arizona,Phoenix
Yavapai,-111.6809387,34.30298233,80,3902,Arizona,Phoenix
Yavapai,-111.5892639,34.42903519,80,3896,Arizona,Phoenix
Yavapai,-111.6866684,34.20558167,80,3905,Arizona,Phoenix
Yavapai,-111.4632111,34.07379913,80,3910,Arizona,Phoenix
Yavapai,-112.9529037,35.35722733,80,3936,Arizona,Phoenix
Yavapai,-113.325325,35.33430862,80,3930,Arizona,Phoenix
Yavapai,-111.4345627,33.99931717,80,3914,Arizona,Phoenix
Yavapai,-112.7294464,35.30565643,80,3937,Arizona,Phoenix
Yavapai,-112.6320496,35.30565643,80,3939,Arizona,Phoenix
Yavapai,-111.7897949,34.97334671,80,3949,Arizona,Phoenix
Yavapai,-112.1908646,33.97639847,80,3918,Arizona,Phoenix
Yavapai,-111.8757401,34.02223587,80,3916,Arizona,Phoenix
Yuma,-102.7771683,40.44509125,277,11693,Arizona,Tucson
Yuma,-113.3310547,33.37479019,81,3954,Arizona,Tucson
Yuma,-114.6545868,32.73880768,81,3970,Arizona,Tucson
Yuma,-114.5399933,33.04247284,81,3977,Arizona,Tucson
Yuma,-113.3367767,33.1914444,81,3955,Arizona,Tucson
Yuma,-113.7435837,32.18877029,81,3961,Arizona,Tucson
Yuma,-113.4685593,32.09709549,81,3960,Arizona,Tucson
Yuma,-114.2649765,33.46073532,81,3979,Arizona,Tucson
Yuma,-114.7004166,32.48097992,81,3964,Arizona,Tucson
Yuma,-114.5514526,32.76172638,81,3972,Arizona,Tucson
Yuma,-113.3367767,32.94507217,81,3956,Arizona,Tucson
Yuma,-114.4769669,32.93361664,81,3975,Arizona,Tucson
Yuma,-114.5228043,32.82475281,81,3973,Arizona,Tucson
Yuma,-102.7886276,40.34769058,277,11704,Arizona,Tucson
Yuma,-114.7348022,32.73308182,81,3968,Arizona,Tucson
Yuma,-114.6889572,32.74453735,81,3969,Arizona,Tucson
Yuma,-113.3482361,32.05698776,81,3959,Arizona,Tucson
Yuma,-102.0666962,40.34769058,277,11696,Arizona,Tucson
Yuma,-102.7771683,40.02109909,277,11703,Arizona,Tucson
Yuma,-113.3367767,32.65286255,81,3957,Arizona,Tucson
Yuma,-102.7886276,40.01537323,277,11702,Arizona,Tucson
Yuma,-114.5915604,32.73880768,81,3971,Arizona,Tucson
Yuma,-102.0666962,40.43936157,277,11695,Arizona,Tucson
Yuma,-102.0552444,40.00964355,277,11697,Arizona,Tucson
Yuma,-102.7943573,39.71743393,277,11701,Arizona,Tucson
Yuma,-114.4769669,32.87631989,81,3974,Arizona,Tucson
Yuma,-113.3367767,32.51535416,81,3958,Arizona,Tucson
Yuma,-102.800087,39.57419586,277,11700,Arizona,Tucson
Yuma,-114.2707062,33.0310173,81,3978,Arizona,Tucson
Yuma,-113.955574,33.37479019,81,3981,Arizona,Tucson
Yuma,-114.4826965,32.99663925,81,3976,Arizona,Tucson
Yuma,-114.0357971,32.27471161,81,3962,Arizona,Tucson
Yuma,-102.7714386,40.36487961,277,11705,Arizona,Tucson
Yuma,-102.6683121,40.44509125,277,11694,Arizona,Tucson
Yuma,-102.0552444,39.57992554,277,11699,Arizona,Tucson
Yuma,-114.7978134,32.57838058,81,3966,Arizona,Tucson
Yuma,-114.3165436,32.36065674,81,3963,Arizona,Tucson
Yuma,-102.0609665,40.00391388,277,11698,Arizona,Tucson
Yuma,-102.7771683,40.44509125,277,11706,Arizona,Tucson
Yuma,-113.955574,33.46073532,81,3980,Arizona,Tucson
Yuma,-114.8092804,32.51535416,81,3965,Arizona,Tucson
Yuma,-114.7691727,32.67005539,81,3967,Arizona,Tucson
Yuma,-113.3310547,33.37479019,81,3982,Arizona,Tucson